food_name,unit_serving_energy_kcal,unit_serving_protein_g,unit_serving_carb_g,unit_serving_fat_g
Apple,95.0,0.5,25.0,0.3
Banana,105.0,1.3,27.0,0.4
Greek Yogurt,100.0,17.0,6.0,0.0
Almonds,164.0,6.0,6.0,14.0
Lemonade,99.0,0.0,25.0,0.0
Orange Juice,112.0,1.7,26.0,0.2
Milk,149.0,8.0,12.0,8.0
Egg,78.0,6.0,0.6,5.0
Chicken Breast,165.0,31.0,0.0,3.6
Salmon,208.0,22.0,0.0,13.0
Rice,130.0,2.7,28.0,0.3
Bread,79.0,2.7,15.0,1.0
Pasta,131.0,5.0,25.0,1.1
Cheese,113.0,7.0,0.9,9.0
Yogurt,59.0,10.0,3.6,0.4
Oatmeal,150.0,5.0,27.0,3.0
Peanut Butter,188.0,8.0,6.0,16.0
Avocado,160.0,2.0,8.5,14.7
Broccoli,55.0,3.7,11.0,0.6
Carrot,41.0,0.9,10.0,0.2
Potato,161.0,4.3,37.0,0.2
Tomato,22.0,1.1,4.8,0.2
Spinach,23.0,2.9,3.6,0.4
Cucumber,16.0,0.7,3.6,0.2
Bell Pepper,30.0,1.0,7.0,0.3
Onion,40.0,1.1,9.0,0.1
Garlic,4.0,0.2,1.0,0.0
Ginger,9.0,0.2,1.8,0.1
Turmeric,9.0,0.3,1.7,0.1
Cinnamon,6.0,0.1,1.8,0.0
Black Pepper,6.0,0.3,1.5,0.1
Salt,0.0,0.0,0.0,0.0
Sugar,16.0,0.0,4.0,0.0
Honey,64.0,0.1,17.0,0.0
Olive Oil,120.0,0.0,0.0,14.0
Butter,102.0,0.1,0.0,11.5
Coconut Oil,121.0,0.0,0.0,13.5
Vegetable Oil,120.0,0.0,0.0,14.0
Soy Sauce,8.0,1.0,1.5,0.0
Vinegar,3.0,0.0,0.1,0.0
Mustard,3.0,0.2,0.3,0.2
Ketchup,15.0,0.3,3.7,0.1
Mayonnaise,94.0,0.1,0.3,10.3
Hot Sauce,0.0,0.0,0.0,0.0
Salsa,4.0,0.2,0.9,0.0
Guacamole,45.0,1.0,3.0,4.0
Hummus,25.0,1.2,2.8,1.4
Tzatziki,35.0,1.5,2.0,2.5
Pesto,80.0,2.0,2.0,8.0
Sour Cream,23.0,0.7,0.7,2.3
Cream Cheese,51.0,1.0,0.8,5.0
Cottage Cheese,98.0,11.0,3.0,4.3
Ricotta Cheese,174.0,14.0,3.8,13.0
Mozzarella Cheese,85.0,6.3,0.6,6.3
Cheddar Cheese,113.0,7.0,0.4,9.3
Parmesan Cheese,22.0,2.0,0.2,1.4
Feta Cheese,75.0,4.0,1.2,6.0
Blue Cheese,100.0,6.0,0.7,8.1
Goat Cheese,103.0,6.0,0.0,8.5
Cream,52.0,0.5,0.4,5.6
Half and Half,20.0,0.5,0.6,1.7
Whipped Cream,52.0,0.3,0.4,5.6
Ice Cream,137.0,2.3,16.0,7.3
Gelato,90.0,2.0,10.0,4.5
Sorbet,100.0,0.0,25.0,0.0
Frozen Yogurt,127.0,3.0,22.0,3.6
Sherbet,130.0,1.0,30.0,2.0
Popsicle,45.0,0.0,11.0,0.0
Granita,70.0,0.0,18.0,0.0
Italian Ice,90.0,0.0,22.0,0.0
Slushie,110.0,0.0,28.0,0.0
Smoothie,150.0,2.0,30.0,2.5
Milkshake,192.0,4.8,30.0,6.8
Frappe,240.0,3.0,40.0,8.0
Latte,120.0,6.0,11.0,5.0
Cappuccino,120.0,6.0,11.0,5.0
Espresso,1.0,0.1,0.0,0.0
Americano,5.0,0.2,0.0,0.0
Macchiato,10.0,0.5,1.0,0.5
Mocha,290.0,9.0,45.0,10.0
Hot Chocolate,192.0,8.0,30.0,6.0
Tea,0.0,0.0,0.0,0.0
Coffee,1.0,0.1,0.0,0.0
Decaf Coffee,0.0,0.0,0.0,0.0
Herbal Tea,0.0,0.0,0.0,0.0
Green Tea,0.0,0.0,0.0,0.0
Black Tea,0.0,0.0,0.0,0.0
White Tea,0.0,0.0,0.0,0.0
Oolong Tea,0.0,0.0,0.0,0.0
Pu-erh Tea,0.0,0.0,0.0,0.0
Chai Tea,120.0,2.0,20.0,4.0
Matcha,5.0,0.5,1.0,0.0
Bubble Tea,250.0,2.0,50.0,5.0
Iced Tea,0.0,0.0,0.0,0.0
Arnold Palmer,120.0,0.0,30.0,0.0
Lemon Iced Tea,90.0,0.0,23.0,0.0
Sweet Tea,90.0,0.0,23.0,0.0
Unsweetened Tea,0.0,0.0,0.0,0.0
Water,0.0,0.0,0.0,0.0
Sparkling Water,0.0,0.0,0.0,0.0
Mineral Water,0.0,0.0,0.0,0.0
Spring Water,0.0,0.0,0.0,0.0
Purified Water,0.0,0.0,0.0,0.0
Distilled Water,0.0,0.0,0.0,0.0
Alkaline Water,0.0,0.0,0.0,0.0
Vitamin Water,50.0,0.0,13.0,0.0
Sports Drink,80.0,0.0,21.0,0.0
Energy Drink,110.0,0.0,27.0,0.0
Protein Shake,160.0,20.0,8.0,5.0
Meal Replacement,220.0,15.0,30.0,6.0
Nutrition Shake,240.0,16.0,32.0,8.0
Ensure,220.0,9.0,33.0,6.0
Boost,240.0,10.0,41.0,4.0
Carnation,130.0,8.0,19.0,3.0
Pediasure,240.0,7.0,33.0,9.0
Soylent,400.0,20.0,37.0,21.0
Huel,400.0,29.0,37.0,13.0
Ka'Chava,240.0,25.0,24.0,7.0
Ample,400.0,30.0,30.0,24.0
Super Body Fuel,400.0,20.0,50.0,12.0
Mana,400.0,20.0,40.0,20.0
Queal,400.0,25.0,45.0,15.0
Jake,400.0,20.0,50.0,12.0
Plenny,400.0,20.0,50.0,12.0
Bertrand,400.0,20.0,50.0,12.0
Feed,400.0,20.0,50.0,12.0
Nutberg,400.0,20.0,50.0,12.0
Nutrilett,400.0,20.0,50.0,12.0
Nutriway,400.0,20.0,50.0,12.0
Nutriwell,400.0,20.0,50.0,12.0
Nutriwise,400.0,20.0,50.0,12.0
Nutriworks,400.0,20.0,50.0,12.0
Nutriworld,400.0,20.0,50.0,12.0
Nutrizen,400.0,20.0,50.0,12.0
Nutrizone,400.0,20.0,50.0,12.0
Greek Yogurt with Berries and Chia Seeds,240.0,18.0,25.0,6.0
Avocado Toast with Poached Egg,320.0,14.0,28.0,15.0
Spinach and Mushroom Omelette,280.0,20.0,5.0,16.0
Overnight Oats with Almond Butter,310.0,12.0,45.0,10.0
Breakfast Smoothie Bowl,270.0,15.0,35.0,8.0
Whole Grain Pancakes with Berries,280.0,10.0,40.0,8.0
Tofu Scramble with Vegetables,240.0,16.0,15.0,12.0
Low-Carb Breakfast Bowl,290.0,22.0,8.0,18.0
Quinoa Breakfast Bowl,280.0,12.0,38.0,9.0
Cottage Cheese with Fruit,230.0,25.0,20.0,5.0
Buckwheat Porridge,230.0,8.0,35.0,7.0
Smoked Salmon on Rye with Cream Cheese,280.0,18.0,20.0,14.0
High-Fiber Breakfast Muffins,220.0,7.0,25.0,10.0
Savory Breakfast Quinoa,280.0,14.0,30.0,12.0
Protein-Packed Chia Pudding,270.0,15.0,20.0,14.0
Mediterranean Bowl with Chickpeas,360.0,18.0,45.0,12.0
Grilled Chicken Salad with Avocado,320.0,30.0,12.0,15.0
Lentil Soup with Vegetables,260.0,16.0,35.0,6.0
Tuna Salad Stuffed Avocado,320.0,25.0,10.0,20.0
Vegetable and Tofu Stir-fry,280.0,15.0,25.0,12.0
Turkey and Vegetable Wrap,320.0,25.0,30.0,10.0
Salmon Poke Bowl,400.0,28.0,40.0,14.0
Quinoa and Black Bean Bowl,310.0,15.0,45.0,8.0
Egg and Vegetable Frittata,260.0,20.0,10.0,15.0
Chicken and Vegetable Soup,240.0,22.0,20.0,8.0
Spinach and Chickpea Curry,290.0,14.0,35.0,10.0
Shrimp and Vegetable Skewers,240.0,25.0,15.0,8.0
Hearty Bean and Vegetable Soup,270.0,15.0,40.0,5.0
Mediterranean Tuna Salad,280.0,28.0,15.0,12.0
Vegetable and Lentil Patties,240.0,12.0,30.0,8.0
Baked Salmon with Roasted Vegetables,340.0,30.0,20.0,15.0
Turkey Meatballs with Zucchini Noodles,280.0,28.0,15.0,12.0
Vegetable and Tofu Curry,310.0,15.0,30.0,14.0
Grilled Chicken with Quinoa and Vegetables,350.0,30.0,35.0,10.0
Lentil and Vegetable Stew,280.0,18.0,40.0,5.0
Baked Cod with Sweet Potato and Asparagus,290.0,25.0,30.0,8.0
Mushroom and Bell Pepper Fajitas,290.0,10.0,35.0,12.0
Shrimp and Vegetable Stir-fry,250.0,25.0,20.0,8.0
Eggplant and Chickpea Stew,280.0,12.0,35.0,10.0
Baked Chicken with Mediterranean Vegetables,320.0,28.0,25.0,12.0
Bean and Vegetable Enchiladas,330.0,15.0,45.0,10.0
Sesame Salmon with Green Beans,340.0,30.0,15.0,18.0
Turkey and Vegetable Stuffed Peppers,290.0,25.0,25.0,10.0
Beef and Broccoli Stir-fry,330.0,28.0,20.0,15.0
Vegetable and Bean Paella,290.0,14.0,40.0,8.0
Banana Oatmeal with Walnuts,295.0,12.0,42.0,9.0
Mushroom and Spinach Frittata,230.0,18.0,8.0,14.0
Coconut Chia Pudding with Mango,310.0,10.0,32.0,15.0
Smoked Salmon Bagel with Cream Cheese,340.0,22.0,35.0,12.0
Vegetable Breakfast Burrito,320.0,15.0,38.0,12.0
Peanut Butter Banana Smoothie Bowl,320.0,15.0,38.0,12.0
Sweet Potato and Black Bean Breakfast Hash,290.0,14.0,35.0,10.0
Tofu Scramble with Turmeric,220.0,16.0,12.0,10.0
Almond Flour Pancakes with Berries,260.0,12.0,18.0,14.0
Mediterranean Breakfast Bowl,310.0,18.0,25.0,15.0
Protein-Packed Green Smoothie,250.0,20.0,25.0,8.0
Savory Miso Oatmeal with Egg,270.0,15.0,30.0,10.0
Quinoa Breakfast Bowl with Roasted Vegetables,300.0,14.0,35.0,12.0
Buckwheat Crepes with Berries,240.0,10.0,30.0,8.0
Shakshuka with Feta,250.0,16.0,15.0,14.0
Quinoa Tabbouleh Salad,310.0,14.0,42.0,10.0
Lentil and Vegetable Soup,280.0,18.0,40.0,5.0
Grilled Chicken Caesar Wrap,370.0,28.0,32.0,14.0
Chickpea and Vegetable Buddha Bowl,350.0,15.0,45.0,12.0
Turkey and Avocado Lettuce Wraps,280.0,25.0,12.0,15.0
Miso Soup with Tofu and Vegetables,210.0,14.0,20.0,8.0
Black Bean and Sweet Potato Quesadilla,350.0,15.0,45.0,12.0
Falafel Pita with Tahini Sauce,380.0,16.0,48.0,14.0
Salmon Nicoise Salad,340.0,28.0,22.0,16.0
Edamame and Brown Rice Bowl,340.0,18.0,45.0,10.0
White Bean and Kale Soup,280.0,16.0,35.0,8.0
Chicken and Hummus Wrap,350.0,26.0,35.0,12.0
Egg and Vegetable Fried Rice,310.0,14.0,40.0,10.0
Roasted Vegetable and Goat Cheese Sandwich,320.0,14.0,38.0,12.0
Vegetable and Tofu Stir-Fry,320.0,18.0,35.0,12.0
Baked Herb Crusted Salmon,310.0,32.0,8.0,16.0
Chickpea and Vegetable Curry,330.0,15.0,45.0,10.0
Lentil and Mushroom Shepherd's Pie,330.0,18.0,45.0,8.0
Grilled Fish Tacos with Avocado Salsa,350.0,25.0,30.0,14.0
Chicken and Vegetable Stir-Fry,310.0,28.0,25.0,10.0
Stuffed Bell Peppers with Quinoa,290.0,16.0,35.0,10.0
Baked Cod with Lemon and Herbs,240.0,30.0,10.0,8.0
Portobello Mushroom Burgers,310.0,12.0,35.0,14.0
Vegetable Paella,320.0,12.0,45.0,10.0
Beef and Broccoli Stir-Fry,330.0,28.0,20.0,15.0
Cauliflower and Chickpea Curry,320.0,14.0,40.0,12.0
Spaghetti Squash with Turkey Meatballs,310.0,26.0,25.0,12.0
Baked Falafel Bowl,330.0,16.0,40.0,12.0
Grilled Steak with Chimichurri,290.0,32.0,5.0,16.0
Baked Eggplant Parmesan,320.0,18.0,30.0,14.0
Teriyaki Salmon with Broccoli,330.0,30.0,20.0,14.0
Vegetable and Bean Enchiladas,340.0,16.0,45.0,10.0
Mediterranean Baked Fish,270.0,28.0,15.0,10.0
Mushroom and Spinach Risotto,320.0,12.0,45.0,10.0
Slow Cooker Chicken and Vegetable Stew,280.0,26.0,25.0,8.0
Quinoa Stuffed Acorn Squash,310.0,14.0,40.0,10.0
Hot tea (Garam Chai),33.98,0.82,5.43,1.12
Instant coffee,104.2,2.88,16.44,3.36
Espreso coffee,81.7,2.77,10.49,3.39
Iced tea,33.1,0.09,8.64,0.04
Raw mango drink (Aam panna),96.44,0.42,24.29,0.07
Fruit Punch (with fresh juices),196.6,0.76,51.06,0.18
Fruit Punch (with squashes),116.3,0.36,30.12,0.08
Lem-o-gin,76.76,0.29,19.81,0.1
Cumin infused water (Jeere/Zeere ka pani),30.8,0.57,6.32,0.37
Coco pine cooler,141.54,2.4,24.71,4.32
Summer cooler,110.95,1.85,26.87,0.18
Hot cocoa,172.09,6.42,17.64,8.72
Cold coffee with ice cream,204.56,4.73,33.9,6.36
Banana milkshake (Kele milkshake),225.63,6.37,31.6,8.19
Mango milkshake (Aam milkshake),202.28,6.14,25.71,8.34
Pineapple milkshake (Ananas milkshake),203.09,6.05,27.79,8.12
Orange milkshake (Narangi milkshake),183.44,5.96,22.71,8.06
Egg nog,294.82,14.5,24.72,15.51
Sweet Lassi (Meethi lassi),157.8,5.7,28.8,3.0
Lassi (salted),79.76,5.73,7.86,3.04
Cheese and chilli sandwich ,121.6,3.79,15.28,5.45
Egg sandwich (Ande ka sandwich),145.12,4.41,14.8,8.02
Cucumber sandwich (Kheere ka sandwich),114.57,2.92,15.65,4.86
Cheese and pineapple sandwich (Cheese aur ananas ka sandwich),143.68,4.57,16.22,7.13
Cheese and tomato sandwich (Cheese aur tamatar ke sandwich),141.73,4.61,15.68,7.15
Chicken sandwich,147.53,7.64,14.78,6.84
Peanut and tomato sandwich (Moongfali aur tamatar ka sandwich),177.04,5.79,17.34,9.8
Rainbow sandwich,130.44,3.7,16.39,6.0
Club sandwich ,206.79,6.42,16.26,13.29
Vegetarian club sandwich,164.37,4.52,16.31,9.39
Pin wheel sandwich,86.84,2.44,3.9,6.95
Carrot apple sandwich (Gajar aur seb ka sandwich),208.22,5.15,28.25,8.87
Salami sandwich,189.78,6.46,15.99,11.52
Vegetable and mayonnaise sandwich,166.83,3.06,15.85,10.52
Egg and tomato sandwich (Ande aur tamatar ka sandwich),132.15,4.56,15.41,6.25
Sweet open sandwich,144.11,2.94,23.15,4.81
Mushroom and cheese sandwich (toasted),172.27,5.9,15.92,9.85
Cheese and tomato sandwich (toasted) (Cheese aur tamatar ke sandwich (toasted)),170.12,5.17,16.22,9.81
Pea potato sandwich (toasted) (Matar aloo ka sandwich),146.56,4.09,22.37,4.82
Paneer pea sandwich (toasted) (Paneer matar ka sandwich),221.79,11.02,21.38,10.64
Chicken sandwich (toasted),143.1,10.33,16.09,4.54
Pea keema sandwich (toasted) (Matar aur keema ka sandwich),145.39,9.36,17.14,4.75
Classic club sandwich,448.86,15.06,41.33,25.84
Sesame toast,309.18,1.19,6.96,30.83
Cracked wheat porridge (Meetha daliya),328.71,10.65,35.75,16.44
Semolina porridge (Suji/Rava daliya),280.49,10.43,34.44,11.35
Oatmeal Porridge,289.96,10.33,34.89,12.82
Cornflakes with milk,326.17,9.98,41.56,14.23
Rice flakes (Chiwda/Aval),312.58,10.06,43.28,11.09
Wheat flakes,312.58,10.06,43.28,11.09
Murmura (Puffed rice),315.02,10.06,43.56,11.24
Puffed wheat (Murmure/Moori),315.02,10.06,43.56,11.24
Boiled egg (Ubla anda),68.49,6.69,0.18,4.59
Fried Egg ,129.17,6.69,0.18,11.33
Poached egg,69.37,6.71,0.21,4.59
Scrambled egg (Ande ki bhurji),109.18,7.2,0.95,8.55
Baked egg ,221.04,12.0,15.57,12.78
Plain omelette/omlet,389.55,13.82,0.92,36.81
Stuffed egg omelette/omlet,533.21,22.54,6.03,46.57
Pancake,85.97,2.4,8.66,4.57
Keema pancake,194.58,9.94,10.55,12.41
Vegetable pancake,146.64,4.53,14.33,7.7
Jam and fruit pancake,106.57,2.49,13.63,4.61
Khoa and coconut pancake,193.51,4.97,19.44,10.88
Brown stock,103.65,9.47,1.22,6.73
Vegetable stock,73.13,1.25,3.99,5.72
Chicken stock,112.33,13.86,1.38,5.68
Clear tomato soup (Tamatar ka soup),318.41,19.06,13.72,48.61
Lentil soup,121.31,37.57,15.35,45.46
Chicken consomme (Clear chicken soup),108.31,25.91,2.68,27.15
Cream of tomato soup,452.28,21.32,18.16,60.65
Cream of green peas soup,522.23,29.11,27.58,60.38
Cream of spinach soup,465.12,24.12,15.94,61.58
Cream of mixed vegetable soup,216.16,24.81,17.87,32.79
Cream of mushroom soup,439.83,24.9,14.04,58.13
Chicken sweet corn soup,68.46,34.99,3.95,30.44
Minestrone soup,98.17,21.41,8.55,25.51
Egg drop soup,84.64,41.08,3.5,42.95
Chinese cabbage and meat ball soup,2254.25,24.25,6.65,263.32
French onion soup,195.69,40.14,15.04,50.65
Hot and sour soup,123.85,12.25,6.98,5.16
Talaumein soup,131.48,37.36,15.39,47.18
Cold cucumber soup (Thanda kheere ka soup),90.13,5.61,8.6,3.74
Cold summer garden soup,151.0,26.31,8.12,43.23
Chapati/Roti,72.83,2.12,12.83,1.28
Plain parantha/paratha,166.31,2.82,17.11,9.4
Potato parantha/paratha (Aloo ka parantha/paratha),191.43,3.45,22.33,9.54
Radish parantha/paratha (Mooli ka parantha/paratha),183.58,3.3,20.55,9.53
Cauliflower parantha/paratha (Phoolgobhi ka parantha/paratha),181.39,3.8,19.19,9.64
Dal parantha/paratha,205.73,5.2,23.03,10.01
Sprouted moong parantha/paratha,175.32,3.29,18.64,9.53
Pea parantha/paratha (Matar ka parantha/paratha),206.68,6.06,23.31,9.53
Keema parantha/paratha,238.16,9.41,18.36,13.91
Paneer parantha/paratha,223.6,6.79,20.68,12.43
Besan and spinach parantha/paratha (Besan aur palak ka parantha/paratha),178.12,4.56,17.6,9.94
Poori,921.31,1.69,10.27,96.93
Spinach poori (Palak poori),923.74,1.92,10.47,97.01
Methi poori,923.03,1.89,10.38,96.99
Dal stuffed poori,932.65,2.47,12.04,97.03
Potato stuffed poori (Aloo ki poori),925.87,1.81,11.21,96.97
Tandoori parantha/paratha,164.42,2.83,17.11,9.19
Boiled rice (Uble chawal),351.57,7.81,77.16,0.55
Plain pulao,431.7,7.2,67.17,14.23
Mixed vegetable pulao,495.61,11.94,76.68,14.59
Mushroom pulao,445.44,9.04,68.16,14.44
Sprouted moong pulao,460.81,8.93,71.35,14.72
Paneer pulao,4875.84,16.63,73.38,501.14
Peanut pulao ,691.73,19.03,75.81,34.05
Navratan pulao,479.19,11.35,67.71,17.31
Green chickpeas pulao (Choliya pulao/Hare chane ka pulao),620.7,17.45,98.67,17.25
Mutton biryani/biriyani,396.43,15.33,46.75,16.05
Vegetable biryani/biriyani,526.55,9.53,55.96,28.67
"Lemon rice (Pulihora, Elumichai sadam, Chitranna)",562.69,13.58,69.01,25.15
Sweet rice (Meethe chawal),749.13,7.29,148.12,15.88
Curd rice (Dahi bhaat/Dahi chawal/ Perugu annam/Daddojanam/Thayir saadam),423.11,12.44,71.18,9.33
Tamarind rice (Chintapandu pulihora/Puliyodharai/Puli sadam/Huli anna),476.86,9.53,83.19,10.91
Spanish rice,357.22,9.11,67.64,4.86
Chinese fried rice,423.65,14.24,47.08,19.09
Macroni cheese pie,408.65,14.01,50.52,17.92
Vegetable chowmein,388.6,9.19,46.27,19.05
Chicken chowmein,521.04,21.8,45.8,28.35
Cheese noodle ring,531.34,24.74,55.47,24.32
Spaghetti and cheese balls in tomato sauce,4908.38,23.26,75.46,502.89
Penne platter,463.9,13.18,54.58,22.78
Pasta hot pot,1040.71,48.53,96.46,53.76
Chicken lasagne,964.64,53.78,71.53,53.31
Fettuccine with spinach sauce,458.85,11.02,43.29,27.8
Naan,152.3,4.28,27.52,2.65
Bhatura,1154.61,2.37,15.62,120.18
Idli,34.47,1.16,7.06,0.08
Masala dosa,345.08,6.89,41.02,16.44
Semolina dosa (Suji/Rava dosa),166.69,5.36,24.11,5.22
Onion tomato uttapam,644.32,2.66,15.78,63.18
Paneer kaathi roll,424.15,10.26,29.82,29.01
Makki ki roti,224.37,2.97,20.56,14.32
Washed moong dal (Dhuli moong ki dal),138.51,7.42,16.36,4.66
Washed urad dal (Dhuli urad ki dal),181.52,7.43,17.29,8.82
Split bengal gram with bottle gourd (Channa dal with ghiya/lauki),204.25,7.78,19.8,10.05
Dry washed urad,178.59,9.81,22.43,5.01
Mixed dal,184.44,7.46,17.25,9.24
Whole moong (Moong ki dal),183.83,7.7,17.87,8.78
Whole masoor (Masoor ki dal),185.05,7.8,18.4,8.62
Whole moth (Moth ki dal),188.27,6.87,19.65,8.96
Whole urad (Urad ki dal),182.54,7.51,17.13,8.9
Moti mahal dal (Urad rajmah mix dal),295.72,11.27,25.06,16.22
Black channa curry/Bengal gram curry (Kale chane ki curry),168.7,6.79,16.93,7.93
Chickpeas curry (Safed channa curry),195.99,7.31,23.96,8.21
Lobia curry,178.67,7.27,21.44,6.74
Soyabean curry,195.8,12.5,8.11,12.22
Kidney bean curry (Rajmah curry),172.36,7.14,19.64,6.92
Sambar,249.32,8.62,27.19,11.27
Besan kadhi with pakodies,2366.79,9.65,20.91,249.9
Khatta channa,318.15,9.89,33.2,16.59
Sprouted moong dal chat,83.3,3.46,15.4,0.82
Potato cauliflower (Aloo gobhi),186.61,3.33,10.53,14.28
Potato capsicum (Shimla mirch aloo),189.24,2.12,13.14,14.07
Cabbage and peas (Pattagobhi aur matar),106.21,5.39,10.37,4.4
Carrot and fenugreek leaves (Gajar methi),118.11,4.0,7.96,7.26
Potato fenugreek (Aloo methi),276.04,4.59,17.3,20.51
Brinjal bhartha (Baingan ka bhartha),212.17,4.5,14.33,14.6
Dry potato (Sookhe aloo),109.08,1.71,15.2,4.42
Beans with coconut (Nariyal aur sem/phali; Beans thoran),196.84,3.92,6.57,17.04
Cauliflower with coconut (Nariyal ke saath phoolgobhi),197.56,3.95,5.97,17.29
Carrot and cabbage with coconut (Nariyal ke saath pattagobhi aur gajar),212.74,3.63,9.97,17.2
Raw turnip with coconut ,197.61,2.7,8.64,17.15
Raw papaya with coconut (Papaya thoran),198.51,2.3,8.34,17.08
Stuffed okra (Bharwa bhindi),104.25,2.3,4.26,8.46
Stuffed round gourd (Bharwa tinde),180.72,2.74,9.98,14.27
Stuffed capsicum (Bharwa shimla mirch),114.13,1.68,10.36,7.16
Stuffed brinjal (Bharwa baingan),51.5,0.85,2.19,4.28
Stuffed tomatoes (Bharwa tamatar),126.49,4.45,8.39,8.21
Pea potato curry (Aloo matar),279.89,9.66,27.01,14.22
Pea paneer curry (Matar paneer),373.94,18.32,25.77,21.49
Pea mushroom curry (Matar mushroom),258.74,10.73,20.55,14.31
Pea curry (Matar ki sabzi),285.63,12.51,25.5,14.17
Pea vadi curry,292.93,13.32,25.57,14.59
Paneer curry,357.15,15.78,16.99,25.06
Lotus stem curry (Kamal kakdi curry),223.25,3.09,18.69,14.67
Gravy for kofta,174.88,2.43,8.78,14.41
Pea kofta curry (Matar kofta curry),4649.16,15.69,32.53,494.78
Spinach kofta curry (Palak kofta curry),4609.49,8.75,28.74,495.73
Paneer kofta curry,4703.08,16.72,22.92,505.16
Lotus stem kofta curry (Kamal kakdi kofta curry),4632.43,7.0,36.67,495.47
Raw banana kofta curry (Kela kofta curry),4561.33,4.52,24.76,494.33
Cauliflower kofta curry (Phoolgobhi kofta curry),4559.31,7.38,18.61,495.14
Cabbage kofta curry (Pattagobhi kofta curry),4562.95,6.96,20.5,494.94
Ghiya/Lauki Kofta Curry,4555.07,6.34,19.32,494.95
Spinach paneer kofta curry (Palak paneer kofta curry),4620.94,10.88,22.44,498.74
Vegetarian egg kofta curry,4649.08,9.84,31.57,498.26
Baked vegetables,269.19,11.1,25.52,13.42
Cauliflower musallam (Phoolgobhi musallam),127.05,4.09,9.69,7.66
Baked vegetables with spinach ,329.47,13.63,29.35,17.06
Baked potato with skin ,106.41,2.69,8.71,6.66
Shepherd's pie (vegetarian),367.11,13.64,32.57,19.77
Baked brinjal in tomato sauce,166.44,6.81,17.79,7.0
Dum aloo,4575.57,4.68,22.33,496.27
Spinach paneer (Palak paneer),229.55,11.92,13.09,14.07
Methi chaman,4763.38,15.44,27.83,509.84
Sarson ka saag,124.26,4.25,7.53,8.29
Jackfruit sabzi (Kathal ki sabzi),2258.72,2.49,12.28,244.13
Avial,417.34,8.25,28.39,29.94
Al yakhani,342.3,6.63,10.78,30.49
Shahi paneer,405.86,13.13,17.22,32.01
Paneer in butter sauce,228.3,10.95,15.21,13.81
Methi malai paneer,377.04,14.2,15.76,28.54
Chilli paneer,2308.28,6.24,9.82,249.41
Paneer makhana korma,4709.2,19.68,28.12,502.34
Kadhai Paneer,343.56,13.78,23.35,21.66
Roghan josh,329.44,22.56,11.63,21.29
Spinach mutton (Palak mutton),390.38,27.91,16.76,22.89
Pea keema curry (Matar keema ki sabzi),457.3,29.0,21.46,27.98
Keema kofta curry,63.82,4.04,2.33,4.29
Kashmiri mutton koftas (Gushtaba),296.19,19.26,9.25,20.57
Mutton yakhni,241.73,19.2,1.96,17.88
Chicken yakhni,249.63,26.88,1.96,15.38
Mutton do piaza,603.07,30.88,13.61,47.41
Mutton chops,2320.31,14.09,5.17,249.34
Shammi kebab,1173.95,7.73,6.06,124.31
Scotch egg,2318.05,13.87,6.53,248.7
Shepherd's pie (with minced meat),267.88,13.98,15.12,16.66
Chicken curry,320.38,29.24,8.38,18.77
Tandoori chicken,2092.02,234.33,33.66,114.3
Butter chicken,377.04,30.06,10.31,23.94
Chicken kebab,903.73,4.59,1.38,97.74
Chilli chicken,769.13,37.03,11.06,64.07
Fried chicken with tomato sauce (Fried chicken tamatar ki chutney kay saath),154.73,14.2,3.1,9.42
Fish curry (Machli curry),282.23,22.25,9.58,16.99
Fried fish (Indian style) (Tali hui machli),2327.95,15.36,19.11,243.49
Fried fish and Chips (English Style) (Tali hui machli aur chips),4547.58,23.45,19.33,486.29
Tomato fish,4740.81,23.18,30.75,502.43
Baked fish with cheese sauce,403.14,30.55,14.38,24.84
Fish tikka,41.65,5.68,1.39,1.47
Tandoori fish,224.23,26.15,5.55,10.85
"Paneer, apple and pineapple salad",245.07,10.01,21.52,13.06
Russian salad,363.43,13.49,20.57,24.8
Pasta salad,410.7,8.96,27.39,30.03
Deviled egg,157.45,7.93,3.56,12.33
Hawain salad,682.64,16.63,55.91,44.28
Mixed pulse and vegetable salad,141.23,8.05,23.72,1.42
Sprouted moong salad ,77.03,4.66,11.17,1.51
Tossed salad,214.69,3.49,16.88,14.39
Mixed vegetable salad with curd sauce,129.86,9.11,15.15,3.23
Potato salad (Aloo ka salaad),212.18,3.3,26.41,10.38
Waldroff salad,349.42,3.63,27.16,24.78
Coleslaw,116.99,1.89,8.53,8.11
Fruit salad (Phalon ka salaad),237.53,2.78,48.52,3.7
Tomato onion raita (Tamatar aur pyaaz ka raita),104.83,6.64,12.58,3.27
Peanut raita (Mungfali ka raita),184.48,10.54,11.41,11.02
Sprouted moong raita ,92.97,7.06,9.35,3.34
Bottle gourd raita (Ghiya/Lauki ka raita),85.96,6.07,8.79,3.15
Cucumber raita (Kheere ka raita),90.27,6.16,9.69,3.17
Carrot and spinach raita (Gajar aur palak ka raita),100.96,7.12,10.37,3.53
Mint raita (Pudinay ka raita),81.21,5.9,8.0,3.1
Potato raita (Aloo ka raita),118.85,6.65,16.14,3.22
Boondi raita,2261.74,7.21,13.03,242.8
Sweet raita (Meetha raita),190.55,6.22,34.43,3.42
Dahi vadas/Dahi bhalla,1150.16,5.1,9.45,121.27
Gunjia,1166.18,5.21,9.92,122.81
Saunth/Sonth chutney with tamarind/imli,25.05,0.18,5.94,0.03
Rice kheer (Chawal ki kheer),300.94,9.21,40.31,11.92
Makhana kheer,299.94,9.21,35.82,13.92
Vermicelli kheer (Semiya/Seviyan ki kheer),279.08,7.8,36.9,11.61
Semolina kheer (Suji/Rava kheer),260.87,7.9,36.6,9.69
Paneer kheer,304.78,13.1,29.03,15.55
Cabbage kheer (Pattagobhi ki kheer),212.47,7.3,24.75,9.66
Carrot kheer (Gajar ki kheer),217.16,7.14,25.67,9.8
Cauliflower kheer (Phoolgobhi ki kheer),249.49,9.25,26.74,12.03
Moong dal kheer,312.82,11.97,40.11,12.06
Phirni,337.0,10.12,46.75,12.61
Semolina halwa (Suji ka halwa),360.18,3.45,39.37,21.36
Shahi suji halwa,375.84,3.42,43.68,21.36
Carrot halwa (Gajar ka halwa),289.71,5.22,31.1,16.33
Egg halwa (Ande ka halwa),289.25,7.58,38.2,12.94
Potato halwa (Aloo ka halwa),239.69,2.41,46.11,5.51
Pumpkin halwa (Kaddu ka halwa),295.0,2.06,42.8,13.66
Moong dal halwa,333.68,7.97,38.37,16.86
Caramel custard (steamed),282.06,11.53,34.84,11.3
Baked custard,226.9,11.53,20.14,11.3
Soft Custard (stirred),272.41,12.51,27.92,12.64
Chocolate ice cream,659.28,16.58,57.17,41.72
Mango ice cream,573.13,15.52,50.78,34.74
Fruit Ice cream (Phalon ka Ice cream),550.82,14.05,51.56,33.35
Caramel ice cream,471.03,11.71,40.19,30.27
Lemon souffle,399.36,16.47,31.83,23.75
Orange souffle,410.61,16.59,34.65,23.73
Vanilla souffle,408.58,16.78,32.15,24.35
Chocolate souffle,416.5,17.33,32.43,25.0
Pineapple souffle ,396.21,16.29,31.34,23.68
Apple mousse,390.28,15.36,46.59,15.6
Rich chocolate mousse,396.29,16.75,22.81,25.65
Mango mousse,348.68,8.95,25.5,23.62
Orange and pineapple cream,90.18,1.28,10.66,4.84
Charlotte rousse,476.36,10.01,86.22,12.1
Triffle pudding,341.84,8.57,53.3,11.5
Snow flakes pudding,302.78,14.87,25.67,15.8
Kulfi,265.87,8.67,30.53,12.69
Steamed orange pudding,298.77,2.52,44.62,12.93
Meringue and rice pudding,252.96,10.83,32.71,9.07
Cheese pudding,343.59,13.61,23.23,22.15
Chocolate pudding,351.2,5.88,49.03,15.7
Bread and butter pudding ,206.85,6.88,24.17,9.7
Queen of pudding,432.99,17.94,53.26,17.52
Pineapple upside down pudding,344.4,4.21,47.75,15.92
Date and nut pie,728.66,8.88,105.91,30.09
Stewed apple with custard,263.29,3.6,52.05,5.16
Apple snowballs,263.42,2.23,63.79,0.81
Hot orange souffle,219.56,8.38,22.9,10.92
Hot chocolate souffle,321.05,9.51,37.22,15.77
Hot vanilla souffle,245.99,8.76,27.76,11.57
Plain burfi (Burfi),177.85,4.28,13.45,12.18
Coconut burfi (Nariyal ki burfi),265.38,5.0,18.25,19.65
Bottle gourd burfi (Ghiya/Lauki burfi),199.03,4.23,17.68,12.75
Chocolate burfi,110.28,4.22,10.78,5.81
Cashewnut burfi (Kaju burfi/Kaju katli),120.9,1.57,10.87,8.16
Gram flour burfi (Besan burfi),161.6,4.29,17.85,8.58
Semolina ladoo with khoya (Suji/Rava aur khoye ke ladoo ),126.12,1.97,15.55,6.43
Semolina ladoo with coconut (Suji/Rava aur nariyal ke ladoo ),168.94,2.06,18.52,9.83
Gram flour ladoo (Besan ladoo),168.11,3.15,22.07,8.02
Sesame ladoo (Til ke ladoo),109.16,2.94,11.96,5.4
Chenna murki,227.74,9.43,32.46,7.39
Milk cake,365.98,8.65,26.22,25.64
Ghujia/Lavang latika,818.71,1.98,13.85,84.03
Gulab Jamun with khoya,918.46,3.18,40.89,83.43
Mal pua,847.94,2.55,26.28,81.75
Shahi tukre,193.43,2.82,42.25,2.59
Potato pakora/pakoda (Aloo pakoda),4567.65,12.84,40.76,484.55
Onion pakora/pakoda (Pyaaz ke pakode),4550.25,12.81,36.5,484.55
Cauliflower pakora/pakoda (Phoolgobhi ke pakode),4530.17,13.33,30.48,484.71
Mixed vegetable pakora/pakoda,4544.85,13.08,34.56,484.67
Spinach pakora/pakoda (Palak pakoda),4521.57,12.47,29.67,484.62
Methi pakora/pakoda (Methi ke pakode),4525.58,13.08,29.72,484.69
Egg pakora/pakoda (Ande ke pakode),4579.22,18.25,28.85,488.94
Bread pakora/pakoda,4653.42,16.83,58.07,485.62
Paneer pakora/pakoda,4644.45,21.15,35.73,491.86
Potato bonda (Aloo bonda),1134.09,1.95,8.13,121.5
Potato samosa (Aloo ka samosa),813.76,2.41,12.97,83.42
Minced meat samosa (Keema ka samosa),837.51,5.97,8.28,86.67
Paneer and pea samosa (Paneer matar ka samosa),841.31,5.42,11.53,85.84
Mathri,702.18,1.53,10.75,72.47
Khasta kachori,717.57,2.53,12.9,72.76
Vegetable cutlet,2247.57,4.21,15.82,240.91
Flattened rice cutlet (Chirwa cutlet/Chivda cutlet/Poha cutlet),2325.01,5.82,24.5,244.81
Peanut cutlet (Mungfali ke cutlet),2367.67,8.9,19.23,250.75
Fish cutlet (Machli ka cutlet),2284.43,9.66,10.92,244.64
Paneer potato cutlet (Paneer aloo cutlet),2309.88,8.48,17.95,245.09
Spinach chickpeas cutlet (Palak channa dal cutlet),2255.6,4.72,16.17,241.28
Cheese toast,1138.78,2.88,7.95,121.96
Vegetable burger,2678.94,16.81,70.53,260.88
Cheese pizza,327.1,7.59,40.15,16.3
Vegetable seekh kebab,1136.38,2.59,8.76,121.28
Masala vada,2228.2,4.55,10.96,240.5
Peanut sago vada (Sabudana mungfali vada),2291.54,3.1,21.82,243.93
Vegeterian scotch egg,2277.34,7.23,15.51,243.12
Paneer shaslik/tikka,411.69,22.43,35.01,19.71
Peanut brittle (Moongfali ki chikki),78.91,1.71,11.69,2.74
Spring roll,587.39,1.7,8.06,60.85
Dry mango chutney (Sookhe aam ki chutney),82.58,0.67,19.16,0.19
Peanut chutney (Mungfali ki chutney),54.26,2.48,2.07,4.0
Coconut chutney (Nariyal ki chutney),67.37,0.91,2.1,6.33
Mint and coriander chutney (Pudinay aur dhaniye ki chutney),26.98,0.74,5.57,0.13
Custard tart,161.73,2.67,20.55,7.69
Lemon tart,165.14,3.33,16.7,9.5
Jam tart,130.54,1.6,16.71,6.28
Orange cream tart,142.32,1.86,19.8,6.3
Pineapple tart,150.83,1.77,22.09,6.34
Cheese and mushroom tart,165.5,3.7,14.41,10.28
Cottage cheese pie,813.33,25.35,70.32,47.06
Minced meat pie,783.93,26.11,64.1,46.14
Apple cinnamon pie,458.28,5.94,59.65,21.62
Lemon meringue pie,352.07,6.08,55.07,12.8
Chocolate meringue pie,395.69,9.17,53.06,16.9
Cream puffs,160.19,3.4,11.58,11.2
Chocolate eclairs,405.21,7.17,44.38,22.84
Cheese balls,402.95,1.31,2.84,42.92
Minced meat patties,345.0,8.93,19.81,25.41
Cheese patties,336.84,7.67,23.11,23.57
Hot cheese souffle,525.53,27.25,16.04,39.26
Hot potato souffle,460.78,20.2,31.41,28.04
Hot fish souffle,524.16,41.17,13.54,33.9
Hot spinach souffle,413.6,21.56,16.62,28.72
Plain cream cake,188.47,3.29,25.13,8.61
Apple cake (Seb ka cake),197.25,3.36,26.85,8.75
Marble cake,189.78,3.38,25.12,8.72
Chocolate cake,197.59,3.54,26.57,8.94
Orange cake,186.18,3.18,25.13,8.44
Fruit Loaf ,181.14,3.0,25.98,7.44
Banana cake (Kele ka cake),258.3,3.83,26.52,15.46
Chocolate chiffon cake,227.06,4.2,27.59,11.51
Christmas cake,388.57,5.72,50.32,17.59
Strawberry and vanilla cake with butter icing,431.68,4.53,51.56,23.75
Eggless cake,193.93,4.95,28.13,7.16
Swiss roll,159.31,4.62,30.57,2.38
Pineapple pastry ,189.99,5.53,26.5,7.19
Black forest pastry,217.78,5.68,32.15,7.89
Coconut finger,196.52,5.07,30.43,6.34
Pineapple cake ,1003.28,25.72,120.6,47.93
Chocolate walnut cookies (Chocolate aur akhrot ke cookies),110.01,1.7,12.2,6.12
Chocolate chip cookies,93.03,1.27,12.68,4.24
Sweet plain biscuit,54.47,0.84,7.19,2.53
Chocolate biscuit,57.49,0.89,7.81,2.59
Coconut biscuit (Nariyal ke biscuit),81.56,1.08,8.04,5.09
Sweet and salty biscuit (Meethay aur namkeen biscuit),43.74,0.66,4.83,2.4
Peanut biscuit,71.3,1.5,8.31,3.63
Pin wheel biscuit,80.41,1.07,10.84,3.71
Saffron biscuit (Kesar biscuit),50.51,0.67,6.58,2.42
Masala biscuit,63.64,0.98,7.3,3.35
Ice box cookies,51.87,0.79,7.77,2.0
Ginger bread man,108.45,1.96,17.9,3.27
Danish cookies,59.71,0.67,7.29,3.13
Short bread cookies,77.82,1.06,11.38,3.16
Coffee biscuit,71.63,1.19,8.0,3.96
Melting moments,72.86,0.95,9.29,3.62
Ginger biscuit (Adarak ke biscuit),56.24,0.8,7.87,2.46
Soyabean muthias,1126.44,3.3,4.97,121.39
Soyabean tikki,1156.34,5.85,7.26,122.59
Soyabean namak paras,2294.25,7.25,12.72,245.78
Peanut burfi (Moongfali ki burfi),116.63,1.97,10.19,7.8
Spinach peanut namak paras (Palak moongfali namak paras),2339.85,5.23,20.92,248.19
Gram flour and semolina chilla/cheela/savory pancake (Besan suji chilla/cheela),1142.14,3.12,11.49,120.46
Rice moong dal cheela (Chawal aur moong dal ka cheela),1163.47,3.99,16.22,120.15
Split bengal gram sweet rice (Channa dal sweet rice),418.47,9.14,90.36,1.42
Sweet poori (Meethi poori),1193.69,3.23,21.75,121.44
Wheat flour and moong dal burfi (Atta aur moong dal ki burfi),115.78,2.58,15.75,4.83
Spinach burfi (Palak burfi),105.57,2.36,11.12,5.94
Sweet split chickpea roti (Sweet channa dal roti/Puranpoli),195.67,5.08,33.44,4.23
Sprouted moong daliya ,352.54,8.86,46.68,14.88
Sprouted moong poha ,368.51,10.7,50.9,13.17
Pearl millet ladoo (Bajra ladoo),151.84,4.57,24.22,3.83
Paushtik ladoo,170.06,2.68,21.12,8.74
Paushtik roti,64.1,3.08,11.42,0.65
Semolina carrot vada (Suji gajar vada),1138.48,2.54,10.61,120.56
Dhokla,86.5,5.37,12.26,2.11
Kashmiri tea (Kehwa),63.93,0.45,13.43,1.3
Steeped hot coffee,32.13,0.78,6.08,0.67
Hot chocolate,171.46,6.53,17.18,8.78
Cold coffee (with cream),207.32,4.84,30.02,8.24
Banana milkshake with ice cream (Kele ka milkshake ice cream ke saath),259.92,6.85,37.92,9.42
Flavoured milkshake,190.31,5.87,24.64,8.06
Jal jeera,42.34,0.61,9.38,0.36
Gingo,139.73,0.4,36.14,0.17
Mintade,229.84,0.19,60.39,0.13
Canjee,11.26,0.42,0.74,0.72
Cauliflower canjee (Phoolgobhi ki canjee),12.32,0.69,0.62,0.76
Potato canjee (Aloo canjee),31.76,0.85,5.24,0.76
Vermicelli porridge (Semiya/Seviyan porridge),310.85,9.9,41.89,11.83
Semolina upma (Suji/Rava upma),157.14,3.51,17.33,7.96
Vermicelli upma (Semiya/Seviyan upma),158.43,3.31,17.93,7.91
Rice upma,160.73,2.79,19.08,7.92
Bread upma,137.61,2.97,13.39,8.23
Vegetable upma,345.17,11.14,38.78,15.63
Poha,160.78,3.32,19.13,7.72
Vegetable poha,176.6,4.78,21.05,7.89
Moong dal stuffed cheela/chilla (Moong dal ka cheela/chilla),352.1,15.85,44.16,11.63
Paneer stuffed cheela/chilla,435.68,24.28,40.68,18.87
Indian style egg bhujia (Anda bhujia (Indian style)),129.53,7.68,4.74,8.84
French omelette/omlet,143.51,6.82,0.28,12.82
Puffy omelette/omlet,142.99,6.7,0.06,12.8
Orange omelette/omlet,147.94,6.79,1.27,12.8
Cheese and mushroom omelette/omlet,263.2,12.4,2.15,22.81
Spanish omelette/omlet,239.32,12.54,7.75,17.39
Mixed stock,229.25,18.79,3.02,15.59
Meat stock,213.0,18.3,0.0,15.45
White stock,53.45,0.52,3.05,4.25
Meat consomme (with mutton),184.51,92.11,3.16,84.79
Consomme au julienne,213.74,96.18,11.48,82.05
Consomme au vermicelli,187.72,95.48,8.16,81.38
Green pea soup (Matar ka soup),221.32,61.52,20.2,71.7
Spinach soup (Palak ka soup),163.88,52.98,15.21,71.72
Mixed vegetable soup,157.37,36.21,12.99,51.39
Cheese soup,182.97,55.11,8.31,75.94
Mulligatawny soup,189.85,39.3,28.73,46.31
Cream of carrot soup,278.3,38.53,26.48,57.52
Cream of broccoli soup,258.62,41.32,17.14,58.72
Cream of potato soup,286.36,38.53,29.22,57.32
Almond soup (Badam ka soup),375.16,48.32,17.57,65.82
Cold cucumber cream soup ,45.43,1.29,6.73,1.29
Cold tomato soup,46.4,0.31,1.62,4.27
Chicken stew,378.63,21.35,13.19,26.46
Veg paneer stew,344.74,16.54,24.2,19.91
Onion-green chilli parantha/paratha (Pyaaz aur hari mirch ka parantha/paratha),146.23,3.34,20.16,5.56
Methi parantha/paratha,135.3,3.9,20.24,3.96
Bathua poori,544.24,2.14,12.59,53.75
Gram flour poori (Besan poori),525.57,1.95,8.24,53.87
Beetroot poori (Chukandar ki poori),543.14,1.97,12.65,53.71
Peas poori (Matar ki poori),496.79,2.54,12.5,48.35
Peas kachori (Matar kachori),632.21,3.47,14.32,62.18
Pizza,436.35,20.36,29.56,25.94
Bacon and mushroom pancake,191.57,8.29,10.29,12.88
Cheese and tomato pancake,162.49,5.67,11.76,10.24
Minced meat pancake (with chicken),155.93,16.14,10.99,14.08
Eggplant/Brinjal rice (Vangi bhat),538.09,15.37,92.42,10.7
Kashmiri 'tahar',319.82,6.36,62.23,4.45
Cumin pulao (Jeera/Zeera pulao),365.83,6.69,63.87,8.65
Peas pulao (Matar pulao),513.75,18.38,86.9,8.98
Split bengal gram dal and vegetable pulao (Channa dal and vegetable pulao),514.92,15.91,87.14,10.15
Black channa pulao/ Bengal gram pulao (Kale chane ka pulao),498.16,13.64,85.54,10.23
Mutton pulao,866.53,43.19,74.61,71.43
Chicken pulao,723.18,40.59,74.61,56.63
Mexican rice,624.24,23.94,73.6,25.27
Plain khitchdi (Plain khichri/khichdi),327.36,9.86,57.64,5.78
Instant idli (with semolina),87.23,3.23,15.31,1.27
Plain dosa,137.6,3.73,23.15,3.05
Masala dosa mixed vegetable fillings,400.84,13.41,63.83,9.03
Masala dosa paneer fillings,479.75,20.34,58.72,17.45
Uttapam,174.15,4.21,24.68,6.14
Appam,409.28,4.77,20.3,34.6
Beans and macaroni,345.99,11.65,36.21,17.83
Spaghetti bolognese,364.68,35.0,37.59,35.62
Meat and macaroni casserole,647.01,36.63,64.58,40.72
Spaghetti with meat balls and tomato sauce,878.84,31.16,58.12,59.14
Spaghetti with paneer balls and tomato sauce,785.99,19.6,63.09,51.75
Lasagne with meat sauce,1124.63,51.49,95.51,60.95
Lasagne with vegetables,865.02,29.96,103.75,37.96
Home made egg noodles,541.78,14.73,96.55,9.84
Sour lentils (Khatti dal),126.18,8.04,21.9,0.45
Urad special dehusked,184.84,8.36,23.59,5.77
Arhar with spinach (Arhar dal aur palak),213.09,8.27,19.22,11.11
Moong dal with vadi,87.28,1.44,3.61,7.42
Rasam with tamarind (Puli rasam/ Chintapandu rasam/ Charu/Saaru),104.25,4.41,13.14,3.44
Rasam with lemon (Nimmakaya rasam/Nimmakaya charu/Elumichai rasam/Nimbe hannina saaru),96.27,4.36,11.22,3.45
Green gram whole with baghar (Sabut moong dal with tadka),143.19,7.29,15.34,5.6
Urad sabut special,350.76,10.29,22.23,24.13
Kabuli channa curry,243.87,10.39,27.13,10.87
Besan gatte curry,484.17,19.83,41.56,27.41
Dry masala chops,199.37,13.4,4.87,14.08
Mutton korma,423.78,25.99,9.28,31.28
Shahi keema kofta curry,2580.27,25.55,10.69,270.44
Minced meat ball curry,409.6,25.43,10.66,29.28
Boti kebab,72.66,5.04,1.67,5.07
Mutton seekh kebab,60.25,5.06,1.4,3.79
Indian lamb and egg curry (Nargisi kofta),1312.54,15.01,8.09,135.64
Soya chunks sweet and sour (Nutrinugget sweet and sour),2312.3,13.17,15.11,258.45
Soya chunks korma (Nutrinugget korma),326.86,9.6,19.08,23.62
Mushroom matar,186.06,7.34,14.02,10.8
Soya chunks and peas (Nutrinugget matar),184.17,6.75,12.97,11.39
Vegetable yakhni,2329.72,6.74,11.13,251.28
Spinach mushroom (Palak mushroom),140.54,5.73,8.72,8.72
Vegetarian nargisi kofta curry,1325.26,9.13,26.25,131.43
Roast chicken,266.62,27.32,0.13,17.42
Shahi chicken masala,571.54,34.3,14.19,41.96
Tomato chicken,196.84,18.63,3.76,11.84
Creamy chicken,332.36,29.39,6.8,20.82
Broccoli chicken ala king,282.27,18.83,12.6,17.88
Ginger chicken,495.91,31.65,21.5,31.64
Chicken sweet and sour,2499.6,38.86,14.97,267.27
Chicken korma,513.46,34.12,18.84,33.57
Bengal fish curry (Bengali machli curry),339.76,22.55,13.72,21.82
Fish finger,2408.26,25.09,19.85,247.62
Fish in coconut milk (Nariyal ke doodh ke saath machli),280.64,28.19,8.89,14.43
Prawn curry (with coconut) (Jhinga curry),313.44,24.44,8.88,19.83
Baked stuffed fish,742.09,98.2,12.91,33.02
Fish pie,369.44,28.27,23.66,17.64
Crispy baked fish,391.68,31.0,27.13,18.15
Fish souffle,412.61,31.04,15.18,25.24
Potato curry (Aloo ki sabzi),180.52,3.06,21.0,9.01
Egg curry (Anda curry),178.13,8.16,6.11,13.35
Vegetable curry with coconut ,308.67,10.31,26.7,17.3
Curd with potatoes (Dahi aloo),227.19,5.93,27.1,10.32
Potato kofta curry (Aloo kofta curry),4645.42,5.71,28.4,500.7
Yam kofta curry (Zimikand/Suran kofta curry),2422.44,5.36,28.13,253.85
Jackfruit kofta curry (Kathal ka kofta curry),2408.96,6.04,23.76,253.83
Spinach and potato (Palak aloo),191.57,5.46,19.81,9.45
Mooli bhujia,180.96,3.35,9.41,14.39
Bathua bhujia,180.36,4.49,7.2,14.46
Cabbage rolls (dry) ((Pattagobhi rolls) (dry)),118.47,6.82,5.07,7.78
Cabbage rolls (curry) ((Pattagobhi rolls)(curry)),181.48,8.39,10.24,11.89
Dry arbi (Sookhi arbi),270.69,4.24,22.28,17.99
Masala arbi,215.37,3.49,18.77,13.83
Peas brinjal bhartha (Matar baingan bhartha),221.23,5.37,13.13,15.84
Okra/Lady's fingers fry (Bhindi sabzi/sabji/subji),184.32,3.04,7.49,15.43
Crispy okra/Crispy lady's fingers (Karare bhindi),2254.47,6.55,14.9,241.28
Beans foogath,190.35,3.67,5.9,16.71
Stuffed bittergourd (wet) (Bharwa karele),254.05,2.13,7.32,23.85
Jackfruit/Kathal (dry),2363.8,4.49,22.07,250.33
Yam fried (Zimikand/Suran fried),2377.28,3.82,26.44,250.36
"Cauliflower, pea and potato bhujia (Phoolgobhi, matar aur aloo bhujia)",182.93,5.27,15.74,10.59
Vegetable jalfrezi,68.88,1.41,5.46,4.4
Vegetables stir fry ,119.59,4.02,12.41,5.72
Broccoli delight,81.19,4.97,4.67,4.96
Dhansak (vegetarian),199.57,8.01,17.54,10.07
Cauliflower basket,219.61,12.57,9.59,14.2
Stuffed bottle gourd (Stuffed ghiya/lauki),330.81,20.72,15.48,20.6
Ducheese potato,60.38,1.55,4.7,3.87
Roast potatoes ,67.49,1.18,11.22,1.82
Stuffed baked potatoes ,104.25,3.97,11.48,4.57
Potato nests,213.71,10.93,21.15,9.12
Parsley potato,129.67,1.62,14.99,6.81
Creamed spinach and mushroom,2496.71,13.55,18.85,262.62
Fricassee of Mushroom,299.55,10.25,22.84,18.63
Cauliflower au gratin,490.71,14.98,30.72,34.32
Vegetable and cheese pie,615.15,19.53,42.46,40.15
Spinach souffle ,300.87,14.74,12.57,21.08
Beetroot and egg salad (Chukandar aur ande ka salad),188.94,7.47,7.57,14.36
Sour cream potato salad,276.51,6.55,20.54,18.43
Tossed green salad,108.73,2.91,8.32,7.06
Spring basket salad,336.96,7.06,24.37,23.72
Cucumber and yogurt salad (Kheere aur dahi ka salad),41.58,2.41,5.44,1.07
Chicken and tomato towers,265.55,18.22,6.24,18.46
Jellied sunshine fruit salad,121.43,14.54,10.45,2.11
Tomato aspic,107.16,14.62,10.69,0.56
Frozen frosty fruit salad (Phalon ka salaad),241.17,3.91,36.37,9.72
French dressing,1477.32,0.65,7.4,160.36
Mayonnaise without eggs,1274.26,8.25,15.43,131.05
Curd dressing ,164.82,11.68,16.79,6.07
Carrot raita (Gajar ka raita),102.15,6.52,11.33,3.45
Pumpkin raita (Kaddu ka raita),94.53,6.35,10.23,3.2
Mint and peanut raita (Pudinay aur moongfali ka raita),149.21,9.38,9.74,8.25
Spinach raita (Palak ka raita),107.18,8.02,10.28,3.78
Bathua raita,110.53,8.38,10.79,3.58
Pineapple raita (Ananas ka raita),107.6,6.19,13.69,3.21
Banana raita (Kele ka raita),141.42,6.56,21.46,3.29
Mango raita (Aam ka raita),107.0,6.2,13.07,3.41
Guava raita (Amarood ka raita),102.22,6.65,11.55,3.29
Grapes raita (Angoor ka raita),115.31,6.31,15.34,3.28
Bottle gourd kheer (Ghiya/Lauki kheer),225.06,7.23,26.78,10.32
Pumpkin kheer (Kaddu ki kheer),231.16,7.39,27.94,10.34
Apple kheer (Seb ki kheer),270.47,7.11,37.74,10.58
Caramel custard (baked),276.68,11.53,33.72,11.3
Vanilla ice cream without egg,359.87,4.23,22.36,28.56
Vanilla ice cream with egg,389.15,7.54,21.21,30.84
Strawberry ice cream,392.13,7.55,22.29,30.84
Chocochip ice cream,481.38,8.43,33.4,35.74
Choconut ice cream,658.8,12.12,55.62,44.47
Pear chocholate sunday,447.25,5.08,36.6,31.96
Chocolate sauce,43.87,0.32,7.2,1.73
Coffee ice cream,249.84,5.22,23.37,15.64
Coffee pear alaska,510.74,7.22,48.48,33.09
Crunchy butterscotch,519.63,5.83,37.33,39.34
Peach melba ice cream,460.14,4.71,37.36,33.23
Vanilla ice cream with apples in hot cherry sauce,492.66,4.35,57.09,28.74
Grape and orange whip,69.44,1.71,8.13,3.17
Honey banana cream,415.37,9.19,45.14,22.09
Raspberry bavarian cream,355.75,7.92,42.24,18.67
Fruit delight,366.25,7.13,31.15,24.25
Creamy chocolate mousse,467.38,13.89,19.32,36.82
Cold lemon souffle,411.92,14.29,37.89,23.72
Cold orange souffle,417.82,14.33,39.26,23.7
Cold pineapple souffle,413.18,14.2,38.42,23.68
Cold vanilla souffle,423.71,14.67,38.44,24.35
Cold chocolate souffle,455.69,15.47,41.84,26.4
Stewed fruit (with pear),89.56,0.3,21.96,0.39
Apricot fool,550.09,3.51,76.85,25.92
Pavlova,725.45,6.67,79.0,44.44
Apple crumb pudding,216.99,1.51,34.55,8.72
Steamed cake with chocolate sauce,718.54,10.69,69.17,45.25
Hot lemon souffle,188.63,6.43,19.82,9.64
Gulab jamun with milk powder,1422.3,2.57,85.26,121.21
Chum chum,405.44,4.73,88.13,5.98
Dil bahar,405.44,4.73,88.13,5.98
Rasbhari,405.44,4.73,88.13,5.98
Rajbogh,420.55,5.38,88.57,7.17
Rasgulla,405.44,4.73,88.13,5.98
Rasmalai,430.28,5.12,92.6,6.69
Khoa coconut burfi,206.76,5.01,18.37,13.07
Danedar burfi,143.47,4.53,17.22,6.6
Semolina burfi (Suji/Rava burfi),163.25,1.62,22.05,7.9
Pumpkin coconut burfi (Kaddu aur nariyal ki burfi),111.94,1.05,10.24,7.61
Khoa ladoo,178.21,5.49,15.49,10.84
Wheat and gram flour ladoo (Atta besan ladoo),151.76,2.84,15.28,9.03
Semolina ladoo with nuts (Suji/Rava ladoo with nuts),138.63,1.71,15.07,7.99
Sesame chickpeas brittle (Til aur channe ki chikki),98.96,2.97,17.67,1.63
Murmura chikki,66.63,0.56,15.64,0.08
Masala onion pakora/pakoda (Pyaaz ke pakode),389.03,1.44,4.57,40.63
Masala green chilli pakora/pakoda (Hari mirch kay pakode),458.92,1.53,3.81,48.73
Chicken pakora/pakoda,404.34,4.13,3.12,41.78
Fish pakora/pakoda,395.39,4.09,3.12,40.79
Paneer cutlet,1215.57,8.3,13.77,125.46
Sago cutlet/vadas (Sabudana cutlet/vadas),1178.05,1.19,23.67,120.11
Poshtik cutlet,1195.62,4.83,17.79,122.68
Egg cutlet (Anda cutlet),1169.22,4.98,11.73,122.5
Minced meat cutlet,1241.01,11.9,13.08,127.09
Vegetable samosa,447.23,2.23,13.34,42.62
Plain urad dal vada (Uzunne vada/Minapa garelu/Ulundu vadai/Medu vada),588.01,3.46,7.65,60.19
Masala urad dal vada,602.03,3.7,8.5,61.26
Khaman (dhokla),64.93,2.28,6.35,3.32
Instant dhokla,87.99,3.26,10.24,3.98
Tomato ginger chutney (Tamatar adarak ki chutney),7.33,0.17,1.5,0.05
Mint tomato chutney (Pudinay aur tamatar ki chutney),8.26,0.29,1.56,0.07
Coriander chutney (Hare dhaniye ki chutney),8.11,0.26,1.54,0.07
Gooseberry chutney (Amla chutney),6.9,0.23,1.42,0.1
Walnut chutney (Akhrot ki chutney),45.92,1.17,1.1,4.15
Saunth/Sonth chutney with ginger,27.71,0.09,6.79,0.03
Gun powder chutney,43.47,3.0,6.63,0.37
Dessicated coconut chutney (Sookhe kase nariyal ki chutney) ,37.47,1.39,3.97,1.72
Curd mint dip ,25.09,1.59,3.0,0.8
Curd vegetable dip,15.63,1.08,1.68,0.54
Mayonnaise vegetable dip,103.28,1.29,2.05,10.04
Tomato and cucumber sandwich (Tamatar aur kheere ka sandwich),118.66,3.17,16.15,4.97
Tomato sandwich (grilled),145.77,4.8,16.34,7.2
French sandwich (toasted),208.46,7.61,16.54,12.84
Peanut butter cucumber sandwich,134.44,5.0,16.44,5.83
Mint and peanut sandwich,134.29,3.52,15.62,6.81
Spicy chutney sandwich,143.92,5.04,19.62,5.52
Chicken walnut sandwich (Chicken aur akhrot ke sandwich),190.4,8.38,15.07,11.17
Rolled sandwich,64.47,1.42,7.63,3.36
Ribbon sandwich,102.29,2.68,10.58,5.72
Checker board sandwich,128.17,2.71,9.54,9.07
Submarine sandwich,421.63,11.83,26.44,29.78
Cheese open sandwich,150.74,5.41,15.63,7.83
Sunset and sunrise open sandwich,199.68,7.1,15.63,12.53
Danish luncheon sandwich,167.41,7.8,15.35,8.72
Chicken and corn open sandwich,203.92,9.35,20.82,9.57
Chocolate sponge cake,168.7,6.42,27.81,3.87
Chocolate swiss roll,145.0,2.85,12.78,9.36
Lemon curd filling,56.41,0.86,6.6,3.14
Jam filling,30.0,0.0,7.5,0.0
Chocolate pastry,211.93,6.14,28.07,8.82
Assorted pastry,185.36,5.44,25.69,7.16
Orange gateau,142.1,3.81,21.56,4.81
Black forest gateau,142.76,3.89,20.03,5.62
Lemon cake,228.05,3.22,26.29,12.58
Dundee cake,239.31,4.69,24.98,13.7
Victorian sandwich cake,239.24,3.32,28.69,12.72
Chocolate eggless cake,357.25,7.63,49.75,15.1
Orange eggless cake,352.66,7.1,52.21,13.71
Chocolate glace icing,104.44,0.77,14.95,4.98
Butter icing,81.12,0.03,11.61,4.11
Chocolate butter icing,91.1,0.62,11.97,4.8
Almond biscuit (Badam ke biscuit),75.74,1.16,9.69,3.66
Orange biscuit,214.64,2.19,37.58,6.66
Gingerman biscuit,127.03,2.22,19.63,4.52
Coffee drops,52.3,0.89,5.08,3.21
Christmas biscuit,84.11,1.17,12.63,3.29
Christmas wreath biscuit,84.79,1.19,12.75,3.3
Christmas bell biscuit,84.11,1.18,12.63,3.29
Christmas star biscuit,145.64,1.31,27.69,3.73
Christmas tree biscuit,84.69,1.19,12.83,3.29
Chocolate cream shells,98.2,1.17,13.62,4.45
Jelly biscuit,72.45,0.76,9.89,3.46
Cherry and walnut cookies,74.27,0.99,10.43,3.3
Cheese straws,36.85,0.95,2.95,2.34
Butterfly biscuit,41.48,1.21,3.08,2.69
Flan pastry,232.93,3.51,25.0,13.08
Fruit flan,1215.94,15.35,161.5,58.08
Orange cream flan,1132.77,19.14,146.15,54.91
Fruit puree tart,159.4,1.86,16.92,9.36
Apple banana pie,948.46,12.16,124.84,44.29
Lemon chiffon pie,1389.91,26.15,148.12,77.8
Orange chiffon pie,1449.87,27.15,161.61,77.94
Cream buns,179.67,3.71,11.79,13.17
Savoury puffs,264.0,13.16,14.95,21.09
Choux swans,370.29,7.45,25.54,26.71
Potato aigrettes,219.41,0.97,3.31,22.45
Cream horns,469.97,3.94,26.61,38.62
Savoury cheese horns,218.16,4.18,15.8,15.3
Paneer patties,340.99,7.65,22.96,24.13
Vegetable patties ,303.07,4.64,24.27,20.53
Pearl millet infant food (Bajra shishu aahaar),181.22,5.99,31.05,3.31
Sajina,172.63,5.41,33.43,1.52
Cereal mix ,151.01,4.15,27.3,2.52
Pulse mix,111.06,4.21,21.33,0.73
Shishu ahar,124.49,3.48,23.22,1.91
Cereal pulse mix with amylase rice flour,128.84,3.63,23.63,2.33
Banana groundnut paste/puree,213.19,4.27,36.15,5.45
Rice dal porridge (Chawal dal ki khichdi/khichri),127.78,3.6,21.68,2.78
Lentils and semolina porridge (Dal suji porridge/daliya),234.58,6.52,46.38,2.12
Spinach khichri (Palak khichri/khichdi),153.52,5.15,26.07,2.87
Vegetable mix,174.21,4.7,36.02,0.94
Lentils and wheat porridge (Dal wheat porridge/daliya ),89.44,4.62,14.24,1.6
Maize porridge,152.27,3.64,26.59,3.21
Spinach peanut burfi (Palak aur mungfali ki burfi),252.89,8.05,32.62,10.55
Split bengal gram burfi/fudge (Channa dal burfi),176.01,2.85,33.46,4.34
Chickpea flour cookies (Sweet besan rounds/cookies),51.75,1.07,9.91,0.86
Pearl millet mathri (Bajra mathri),1178.6,2.74,11.14,124.79
Sesame biscuit (Til ke biscuit),61.66,1.2,7.8,2.81
Fermented bengal gram vada (Khameerikrit/Ufna hua channa dal ka vada),592.64,3.65,7.82,60.55
Poshtik namak paras,79.13,0.84,2.52,7.3
Soya chikki,318.83,5.41,47.32,11.67
Besan bathua chilla/cheela,112.61,3.46,12.24,5.6
Wheat flour and nuts ladoos (Atta nuts ladoos),142.06,3.43,16.06,6.96
Gram flour and semolina dhokla (Besan suji dhokla),196.5,8.41,25.6,7.01
Atta dal burfi ,115.78,2.58,15.75,4.83
Soya roti,142.93,4.62,20.15,4.64
Poshtik khichdi/khichri,336.43,10.97,56.35,6.79
Namkeen daliya,346.14,9.72,57.85,9.37
Sprouts upma ,301.49,9.06,42.86,9.95
Semolina idli (Suji/Rava idli),61.14,2.77,9.98,1.03
Poshtik chilla/cheela,115.37,3.51,19.86,2.2
Stuffed bittergourd (dry) (Bharwa karela),230.9,1.37,2.64,23.75
Cauliflower potato canjee,35.58,1.21,5.58,0.83
Creamed spinach,373.69,19.99,17.13,24.64
Mango milkshake with ice cream (Aam milkshake ice cream�ke�saath),232.39,6.56,31.21,9.51
Pineapple milkshake with ice cream (Ananas milkshake ice cream�ke�saath),232.87,6.56,31.71,9.36
Orange milkshake with ice cream (Narangi milkshake ice cream�ke�saath),230.57,6.63,31.11,9.35
Woodapple juice (Bel ka sharbat),120.07,2.21,22.87,2.46
Sattu drink,124.87,3.02,27.54,0.74
Apple and honey sorbet (Seb aur shehad ka sharbat),196.96,0.25,49.92,0.47
Thandai,256.45,9.1,23.15,14.92
Cucumber sharbat (Kheere ka sharbat),112.14,1.07,27.27,0.24
Apple oats chia seed smoothie,538.28,21.94,82.15,15.56
Nannari sharbat,990.01,0.12,263.41,0.11
Semolina milk drink (Thari kanji),116.35,2.59,18.25,3.59
Saffron milk (Kesariya doodh),268.47,8.33,33.22,12.0
Black rice kheer (Chak-hao kheer),307.22,9.07,47.62,10.19
Coconut kheer (Nariyal ki kheer),1057.59,22.1,93.8,68.59
Apple sago payasam (Seb aur sabudana ki kheer),451.91,10.36,47.68,25.36
Kesari bath,432.24,4.23,55.46,22.24
Putharekulu,170.29,1.96,31.89,4.04
Mango malpua,1314.71,6.48,50.45,120.5
Mango vanilla custard,300.06,6.97,37.41,14.32
Kiwi granola pudding,1472.38,29.35,169.42,80.48
Oats burfi,256.18,5.35,37.64,10.4
Lotus seed halwa (Kamal gattay ka halwa),1343.24,28.24,143.41,74.99
Amaranth ladoo (Rajgira ladoo),199.28,4.44,22.52,9.96
Chhena poda,255.84,10.16,24.98,13.32
Sweet couscous dessert,451.75,8.78,68.37,17.71
Sweetened yogurt (Shrikhand),326.5,16.07,48.79,8.81
Thickened sweetened milk (Rabri),226.44,7.74,23.23,11.78
Gram flour halwa (Besan halwa),411.15,8.73,38.29,25.69
Prawn sandwich,386.79,23.62,27.11,21.14
Watercress sandwich,124.17,2.8,15.17,6.21
Fish sandwich ,391.45,12.31,26.29,27.02
Kidney bean sandwich with cottage cheese,423.42,23.6,45.21,16.4
Finger millet biscuit (Ragi biscuit),345.41,3.03,39.69,19.43
Buttermilk biscuit,414.46,7.4,44.88,22.49
Lemon cookies,617.36,8.81,66.02,36.02
Sweet potato biscuit (Shakarkand ke biscuit),447.31,7.75,57.55,20.08
Raspberry shortbread cookies,163.49,1.11,22.7,7.88
Pumpkin cookies ,186.63,2.15,38.19,3.36
Greenpea cookies,120.92,4.95,17.5,3.22
Sunflower cookies,954.3,17.39,73.44,66.5
Cardamom cookies (Elaichi cookies),875.47,11.15,118.02,41.8
Hazelnut cookies,423.02,5.36,33.82,29.99
Milk cookies,573.57,13.1,60.46,31.16
Cranberry cookies,506.14,7.28,67.6,23.52
Olive biscuit,207.31,1.52,26.02,11.23
Tutti fruitti biscuit,457.39,5.66,57.74,19.46
Peach blueberry preserves,685.58,2.03,176.88,0.78
Pear preserves (Naashpati ka murabba),603.53,1.5,153.0,1.11
Starfruit preserves ,209.51,0.39,54.63,0.19
Gooseberry pickle (Amla ka achaar),64.86,0.36,1.77,6.43
Lotus stem pickle (Kamal kakdi ka achar),403.96,5.68,78.95,6.29
Date pickle (Khajoor ka achaar),251.9,2.32,47.9,5.81
Garlic pickle (Lahasun ka achar),211.44,1.9,4.99,20.39
Fermented bamboo shoot pickle (Mesu pickle),81.52,2.15,2.36,7.62
Sweet peach pickle (Aadoo ka achaar),349.29,1.12,89.38,0.49
Pickled mustard greens ,154.13,17.73,12.34,2.61
Small onion pickle ,18.92,1.85,3.1,0.72
Green tomato pickle (Haray tamatar ka achaar),122.91,0.79,1.82,12.51
Pickled cabbage ,35.51,1.01,6.64,0.35
Coconut pickle (Nariyal ka aachar),144.86,0.85,3.23,14.48
Potato pickle (Aloo ka achaar),173.17,0.97,3.69,17.1
Mango murabba candy,222.94,0.2,58.76,0.04
Afghani chicken,287.5,29.72,3.69,17.21
Fish orly,1657.28,17.27,12.54,171.06
Hariyali Fish Tikka,268.25,25.01,3.94,16.79
Chicken manchurian,632.99,42.4,26.96,53.18
Handi chicken,384.96,28.57,3.47,28.9
Lemon chicken,486.57,57.88,1.58,27.67
Lemon butter fish,320.49,32.77,1.51,20.52
Baked eggs in tomato sauce,398.25,24.48,18.79,25.99
Egg in a pepper,749.5,73.58,1.0,50.49
Spinach mushroom scrambled egg (Palak mushroom bhurji),184.98,15.46,0.68,13.4
Corn omelette/omlet,324.26,22.09,3.05,25.04
Cajun chicken,309.78,21.26,3.25,23.43
Paaner do pyaza,296.11,9.78,7.9,25.2
Cabbage manchurian (Pattagobhi manchurian),1660.41,4.71,35.9,166.47
Gobi 65,2386.48,4.81,30.81,249.63
Paneer lababdar,403.24,15.23,12.87,32.36
Roasted cauliflower steak,84.48,2.2,2.17,7.19
Sauteed radishes with green beans,91.11,2.33,5.83,6.38
Garlic chutney/Poondu chutney (Lahasun ki chutney),202.83,2.65,16.22,13.93
Schezwan chutney,1553.26,25.18,81.69,134.16
Onion chutney (Pyaaz ki chutney/Vengaya chutney),75.51,1.56,7.09,4.4
Dates chutney (Khajoor ki chutney),273.26,2.82,57.23,2.96
Chicken salad,835.34,37.86,3.22,74.73
Macaroni salad,422.24,8.08,34.83,28.64
Cabbage raita (Pattagobhi raita),196.95,7.53,12.18,13.37
Pomegranate raita (Anaar ka raita),104.79,5.84,10.32,4.67
Onion raita (Pyaaz ka raita),111.99,7.6,12.31,3.8
Green chilli raita (Hari mirch ka raita),79.07,5.72,7.85,3.0
Kale salad,95.35,2.61,2.69,8.22
Spinach and paneer souffle ,839.74,34.1,43.48,60.86
Masala souffle ,1833.77,94.77,119.08,109.35
Chicken and cheese souffle,356.5,17.73,6.78,28.81
Tamarind chutney (Chintapandu pachadi/Puli chutney),3.95,0.03,0.91,0.02
Pav bhaji masala,2.62,0.1,0.33,0.12
Green chutney,19.38,1.32,2.44,0.39
Sago khitchdi/khichri (Sabudana khitchdi/khichri),507.89,7.38,60.82,27.41
Gram flour chilla/cheela (Besan chilla/cheela),70.78,4.06,10.95,1.49
Vegetable namkeen jave,409.97,10.71,69.32,9.15
Khakhra,135.1,3.61,20.94,4.03
Moong bean dosa (Pesarattu),75.94,3.27,8.47,3.1
Methi thepla,126.16,3.27,15.07,5.81
Rice puttu (Ari puttu),344.41,5.29,49.66,13.13
Buckwheat pancake (Khura),274.93,3.04,28.48,17.16
Quinoa khichdi/khichri,203.71,10.12,28.11,5.06
Khakhra chaat,2996.46,37.8,139.04,256.05
Banana appam,1364.2,3.39,58.24,123.49
Veg manchurian,1141.69,1.73,13.29,120.19
Pav bhaji,560.98,15.46,69.7,25.09
Rice murukku,183.29,1.67,10.27,14.88
Bhel puri ,3573.64,24.65,115.42,335.8
Semolina dhokla (Suji/Rava dhokla),195.36,5.45,30.94,5.21
Spicy corn chaat ,2659.17,25.53,63.44,258.0
Jackfruit fritters (Ponsa mulik/Kathal ka pakora),160.12,0.63,6.43,14.57
Banana chips (Kele ke chips),1134.13,0.63,12.48,120.04
Wheat cake,210.21,3.2,27.48,9.99
Mango cheesecake,265.56,4.16,34.94,12.72
Carrot cake (Gajar ka cake),255.46,5.6,35.97,10.26
Semolina cake (Suji/Rava cake),220.74,3.88,18.48,14.86
Finger millet cake (Ragi cake),275.6,3.9,38.39,12.1
Honey cake,546.05,5.04,80.27,24.07
Almond cardamom cake (Badam elaichi cake),242.84,4.89,23.53,14.55
Tutti frutti cake,2949.55,38.09,449.04,107.58
Ham and Bean soup,144.82,15.99,6.3,6.26
Whey soup,153.96,7.72,13.98,7.46
Bottle gourd soup (Ghiya/Lauki soup),68.01,1.34,3.43,5.3
Baked potato soup,769.88,30.01,30.63,58.68
Pumpkin soup,127.51,1.5,6.61,10.19
Sweet corn soup,126.48,3.88,13.98,6.4
Paneer soup,292.25,19.68,14.81,17.11
Curried Cauliflower soup,129.84,23.36,10.84,34.0
Millet soup,129.64,26.08,19.03,29.1
Lemon coriander soup,52.52,1.1,5.01,3.04
Garlic soup,280.6,3.43,10.06,25.37
Dal makhani,261.63,11.71,28.13,10.82
Dalma,313.7,12.95,39.68,12.09
Split bengal gram dal (Channa dal),291.2,12.13,29.2,13.5
Horsegram dal (Kulthi dal) ,200.79,10.5,29.61,4.09
Panchmel dal,334.6,13.91,32.22,16.11
Dal dhokli,231.41,9.96,28.77,8.32
Gujarati handvo ,1442.54,57.4,221.9,33.44
Sev (Omapodi/Karapusa),834.22,7.01,17.63,82.27
Papdi,1231.38,3.18,22.39,125.25
Jowar dosa,97.25,2.81,13.39,3.4
Bread roll,526.92,3.45,19.5,48.7
Soya seekh kebab,65.75,3.08,5.72,3.36
Classic seasoned black beans,50.71,14.11,13.49,14.6
Maa chaane ki dal,279.44,16.05,34.95,7.71
Garlic chickpea soup (Lahasun aur chane ka shoraba),284.89,14.15,44.29,6.41
White sauce (thin),239.31,6.63,19.44,11.2
White sauce (medium),239.31,6.63,19.44,11.2
White sauce (thick),239.31,6.63,19.44,11.2
Cheese sauce,239.31,6.63,19.44,11.2
Egg sauce,239.31,6.63,19.44,11.2
Mushroom sauce,239.31,6.63,19.44,11.2
Mustard sauce,239.31,6.63,19.44,11.2
Brown sauce,239.31,6.63,19.44,11.2
Classic italian pasta,239.31,6.63,19.44,11.2
Pasta spinach sauce,239.31,6.63,19.44,11.2
Pasta cheese sauce,239.31,6.63,19.44,11.2
Low calorie quick mayonnaise,239.31,6.63,19.44,11.2
Thousand island dressing,239.31,6.63,19.44,11.2
Curd dip,239.31,6.63,19.44,11.2
Short crust pastry,239.31,6.63,19.44,11.2
Choux pastry,239.31,6.63,19.44,11.2
Flaky pastry,239.31,6.63,19.44,11.2
Sponge cake ,239.31,6.63,19.44,11.2
Glace icing,239.31,6.63,19.44,11.2
Royal icing,239.31,6.63,19.44,11.2
American frosting,239.31,6.63,19.44,11.2
Gum icing,239.31,6.63,19.44,11.2
Channa murmura premix,239.31,6.63,19.44,11.2
Cracked wheat and green gram dal premix (Dalia moong dal premix),239.31,6.63,19.44,11.2
Rice flakes and roasted channa ,239.31,6.63,19.44,11.2
Spinach soup in milk ,239.31,6.63,19.44,11.2
Vegetable soup,239.31,6.63,19.44,11.2
Mashed banana with milk,239.31,6.63,19.44,11.2
Poha with curd (Poha aur dahi),239.31,6.63,19.44,11.2
Potato with curd,239.31,6.63,19.44,11.2
Sweet wheat porridge (Sweet dalia),239.31,6.63,19.44,11.2
Vegetable khichdi/khichri,239.31,6.63,19.44,11.2
Moong dal mixture,239.31,6.63,19.44,11.2
Cracked wheat khichri/khichdi (Dalia khichri/khichdi),239.31,6.63,19.44,11.2
Stewed apple,239.31,6.63,19.44,11.2
Lemon squash (Nimbu ka squash),239.31,6.63,19.44,11.2
Orange squash (Santre ka squash),239.31,6.63,19.44,11.2
Lichi squash,239.31,6.63,19.44,11.2
Mango squash (Aam ka squash),239.31,6.63,19.44,11.2
Pineapple squash (Ananas ka squash),239.31,6.63,19.44,11.2
Lemon and ginger squash (Nimbu aur adrak ka squash),239.31,6.63,19.44,11.2
Apple jam (Seb ka murabba),239.31,6.63,19.44,11.2
Plum jam (Aloo bukhara jam),239.31,6.63,19.44,11.2
Pineapple jam ,239.31,6.63,19.44,11.2
Guava jelly (Amrood ki jelly),239.31,6.63,19.44,11.2
Orange marmalade (Santray ka murabba),239.31,6.63,19.44,11.2
Carrot murabba (Gajar ka murabba),239.31,6.63,19.44,11.2
Gooseberry marmalade (Amla murabba),239.31,6.63,19.44,11.2
Ginger candy (Adrak ki candy),239.31,6.63,19.44,11.2
Mango pickle (Aam ka achaar),239.31,6.63,19.44,11.2
Mixed vegetable pickle (Sabziyoon ka achaar),239.31,6.63,19.44,11.2
Sweet lemon pickle (Neembu ka meetha achaar),239.31,6.63,19.44,11.2
Plum chutney (Aloo bukhara ki chutney),239.31,6.63,19.44,11.2
Raw mango chutney (Kachhe aam/Kairi ki chutney),239.31,6.63,19.44,11.2
Tomato sauce,239.31,6.63,19.44,11.2
Tomato puree,239.31,6.63,19.44,11.2
Garam masala,239.31,6.63,19.44,11.2
Chat masala,239.31,6.63,19.44,11.2
Kashmiri masala,239.31,6.63,19.44,11.2
Rasam powder (Rasam masala),239.31,6.63,19.44,11.2
Sambar powder (Sambar masala),239.31,6.63,19.44,11.2
Tartare sauce,239.31,6.63,19.44,11.2
Barbeque sauce,239.31,6.63,19.44,11.2
Bread sauce,239.31,6.63,19.44,11.2
Green chilli sauce,239.31,6.63,19.44,11.2
Home made plain noodles,239.31,6.63,19.44,11.2
Dal moong,239.31,6.63,19.44,11.2
Cumin seeds baghar (Jeera baghar/tadka),239.31,6.63,19.44,11.2
Onion tomato baghar (Pyaaz tamatar ka tadka),239.31,6.63,19.44,11.2
Mustard seeds baghar (Mustard seed tadka),239.31,6.63,19.44,11.2
Hot cherry sauce,239.31,6.63,19.44,11.2
Apple jelly (Seb ki jelly),239.31,6.63,19.44,11.2
Marmalade (Murabba),239.31,6.63,19.44,11.2
Plum squash (Aloo bukhara squash),239.31,6.63,19.44,11.2
Lemon green chilli pickle (Nimboo aur hari mirch ka achaar),239.31,6.63,19.44,11.2
Brinjal pickle (Baingan ka achaar),239.31,6.63,19.44,11.2
Sweet and sour tomato pickle (Khatta meetha tamatar ka achaar),239.31,6.63,19.44,11.2
Jhatpat achar with carrot (Jhatpat achaar gajar ke saath),239.31,6.63,19.44,11.2
Tomato chutney (Tamatar ki chutney),239.31,6.63,19.44,11.2
Tomato ketchup,239.31,6.63,19.44,11.2
Bengal 5 Spice Blend (Panch Phoran),239.31,6.63,19.44,11.2
